{
  "accuracy": 0.9976012793176973,
  "precision": 0.9994649545211343,
  "recall": 0.9957356076759062,
  "f1": 0.9975967957276368,
  "mcc": 0.9952094867718868,
  "train_samples": 42520,
  "test_samples": 7504,
  "epochs": 5,
  "training_time_minutes": 15.9,
  "model": "xlm-roberta-base",
  "gpu": "NVIDIA GeForce RTX 3070 Ti"
}